﻿{"cameraMode":{"drawMode":0,"name":"Shaded","section":"Shading Mode"},"sceneLighting":true,"audioPlay":false,"sceneViewState":{"showFog":true,"showMaterialUpdate":true,"showSkybox":true,"showFlares":true,"showImageEffects":true,"showParticleSystems":true},"in2DMode":false,"pivot":{"x":-1482.766357421875,"y":-53.390506744384769,"z":1285.9532470703125},"rotation":{"x":-0.027409318834543229,"y":0.427183598279953,"z":-0.012958605773746968,"w":-0.903656542301178},"size":2000.2435302734375,"orthographic":false}